id,url,type,decision,notes,protected,manual_capture,filename,checksum,related_page,operator,timestamp
ASSET-1001-1,https://rae.mju.ac.th/goverment/20130325103535_2013_rae/Logo_25580508150123_636182.png,asset,keep,,no,no,raw/assets/ASSET-1001-1.png,,PAGE-1001,,
ASSET-1001-2,https://erp.mju.ac.th/images/ribbon-black_68.png,asset,keep,,no,no,raw/assets/ASSET-1001-2.png,,PAGE-1001,,
ASSET-1001-3,https://rae.mju.ac.th/goverment/20130325103535_2013_rae/banner_25690319095324_957639.png,asset,keep,,no,no,raw/assets/ASSET-1001-3.png,,PAGE-1001,,
ASSET-1001-4,https://rae.mju.ac.th/goverment/20130325103535_2013_rae/banner_25690311101352_474397.jpg,asset,keep,,no,no,raw/assets/ASSET-1001-4.jpg,,PAGE-1001,,
ASSET-1001-5,https://rae.mju.ac.th/goverment/20130325103535_2013_rae/banner_25690311104023_228890.jpg,asset,keep,,no,no,raw/assets/ASSET-1001-5.jpg,,PAGE-1001,,
ASSET-1001-6,https://rae.mju.ac.th/goverment/20130325103535_2013_rae/banner_25690306101947_370223.jpg,asset,keep,,no,no,raw/assets/ASSET-1001-6.jpg,,PAGE-1001,,
ASSET-1001-7,https://rae.mju.ac.th/goverment/20130325103535_2013_rae/banner_25690216102413_343759.jpg,asset,keep,,no,no,raw/assets/ASSET-1001-7.jpg,,PAGE-1001,,
ASSET-1001-8,https://rae.mju.ac.th/goverment/20130325103535_2013_rae/banner_25621111155137_788895.jpg,asset,keep,,no,no,raw/assets/ASSET-1001-8.jpg,,PAGE-1001,,
ASSET-1001-9,https://rae.mju.ac.th/images/bgB.jpg,asset,keep,,no,no,raw/assets/ASSET-1001-9.jpg,,PAGE-1001,,
ASSET-1001-10,https://rae.mju.ac.th/wtms_documentDownload.aspx?id=ODAxNzU=,asset,keep,,no,no,raw/assets/ASSET-1001-10.aspx?id=ODAxNzU=,,PAGE-1001,,
ASSET-1001-11,https://rae.mju.ac.th/wtms_documentDownload.aspx?id=ODAxNzk=,asset,keep,,no,no,raw/assets/ASSET-1001-11.aspx?id=ODAxNzk=,,PAGE-1001,,
ASSET-1001-12,https://rae.mju.ac.th/wtms_documentDownload.aspx?id=ODAxNzg=,asset,keep,,no,no,raw/assets/ASSET-1001-12.aspx?id=ODAxNzg=,,PAGE-1001,,
ASSET-1001-13,https://rae.mju.ac.th/wtms_documentDownload.aspx?id=NzE5ODY=,asset,keep,,no,no,raw/assets/ASSET-1001-13.aspx?id=NzE5ODY=,,PAGE-1001,,
ASSET-1001-14,https://rae.mju.ac.th/wtms_documentDownload.aspx?id=NzE5ODE=,asset,keep,,no,no,raw/assets/ASSET-1001-14.aspx?id=NzE5ODE=,,PAGE-1001,,
ASSET-1001-15,https://rae.mju.ac.th/wtms_documentDownload.aspx?id=NzE5ODQ=,asset,keep,,no,no,raw/assets/ASSET-1001-15.aspx?id=NzE5ODQ=,,PAGE-1001,,
ASSET-1001-16,https://rae.mju.ac.th/wtms_documentDownload.aspx?id=ODU2MzU=,asset,keep,,no,no,raw/assets/ASSET-1001-16.aspx?id=ODU2MzU=,,PAGE-1001,,
ASSET-1001-17,https://rae.mju.ac.th/wtms_documentDownload.aspx?id=ODAxNjg=,asset,keep,,no,no,raw/assets/ASSET-1001-17.aspx?id=ODAxNjg=,,PAGE-1001,,
ASSET-1001-18,https://rae.mju.ac.th/wtms_documentDownload.aspx?id=ODA3NTU=,asset,keep,,no,no,raw/assets/ASSET-1001-18.aspx?id=ODA3NTU=,,PAGE-1001,,
ASSET-1001-19,https://rae.mju.ac.th/wtms_documentDownload.aspx?id=NzYzOTQ=,asset,keep,,no,no,raw/assets/ASSET-1001-19.aspx?id=NzYzOTQ=,,PAGE-1001,,
ASSET-1001-20,https://rae.mju.ac.th/wtms_documentDownload.aspx?id=NzE5ODk=,asset,keep,,no,no,raw/assets/ASSET-1001-20.aspx?id=NzE5ODk=,,PAGE-1001,,
ASSET-1001-21,https://rae.mju.ac.th/wtms_documentDownload.aspx?id=NzE5OTI=,asset,keep,,no,no,raw/assets/ASSET-1001-21.aspx?id=NzE5OTI=,,PAGE-1001,,
ASSET-1001-22,https://rae.mju.ac.th/wtms_documentDownload.aspx?id=Nzc0MzI=,asset,keep,,no,no,raw/assets/ASSET-1001-22.aspx?id=Nzc0MzI=,,PAGE-1001,,
ASSET-1001-23,https://rae.mju.ac.th/wtms_documentDownload.aspx?id=NzE5OTM=,asset,keep,,no,no,raw/assets/ASSET-1001-23.aspx?id=NzE5OTM=,,PAGE-1001,,
ASSET-1001-24,https://rae.mju.ac.th/wtms_documentDownload.aspx?id=NzE5OTE=,asset,keep,,no,no,raw/assets/ASSET-1001-24.aspx?id=NzE5OTE=,,PAGE-1001,,
ASSET-1001-25,https://rae.mju.ac.th/placeholder.png,asset,keep,,no,no,raw/assets/ASSET-1001-25.png,,PAGE-1001,,
ASSET-1001-26,https://rae.mju.ac.th/goverment/20130325103535_2013_rae/Doc_25671008160853_758028.png,asset,keep,,no,no,raw/assets/ASSET-1001-26.png,,PAGE-1001,,
ASSET-1001-27,https://scdn.line-apps.com/n/line_add_friends/btn/th.png,asset,keep,,no,no,raw/assets/ASSET-1001-27.png,,PAGE-1001,,
ASSET-1001-28,https://rae.mju.ac.th/wtms_documentDownload.aspx?id=ODcwNzU=,asset,keep,,no,no,raw/assets/ASSET-1001-28.aspx?id=ODcwNzU=,,PAGE-1001,,
ASSET-1001-29,https://rae.mju.ac.th/wtms_system/images/logo-wtms.png,asset,keep,,no,no,raw/assets/ASSET-1001-29.png,,PAGE-1001,,
ASSET-1001-30,https://rae.mju.ac.th/goverment/20130325103535_2013_rae/Doc_25690310092241_879433.pdf,asset,keep,,no,no,raw/assets/ASSET-1001-30.pdf,,PAGE-1001,,
ASSET-1001-31,https://rae.mju.ac.th/goverment/20130325103535_2013_rae/Doc_25690310092314_430623.pdf,asset,keep,,no,no,raw/assets/ASSET-1001-31.pdf,,PAGE-1001,,
ASSET-1002-1,https://rae.mju.ac.th/goverment/20130325103535_2013_rae/Logo_25580508150123_636182.png,asset,keep,,no,no,raw/assets/ASSET-1002-1.png,,PAGE-1002,,
ASSET-1002-2,https://erp.mju.ac.th/images/ribbon-black_68.png,asset,keep,,no,no,raw/assets/ASSET-1002-2.png,,PAGE-1002,,
ASSET-1002-3,https://rae.mju.ac.th/goverment/20130325103535_2013_rae/banner_25690319095324_957639.png,asset,keep,,no,no,raw/assets/ASSET-1002-3.png,,PAGE-1002,,
ASSET-1002-4,https://rae.mju.ac.th/goverment/20130325103535_2013_rae/banner_25690311101352_474397.jpg,asset,keep,,no,no,raw/assets/ASSET-1002-4.jpg,,PAGE-1002,,
ASSET-1002-5,https://rae.mju.ac.th/goverment/20130325103535_2013_rae/banner_25690311104023_228890.jpg,asset,keep,,no,no,raw/assets/ASSET-1002-5.jpg,,PAGE-1002,,
ASSET-1002-6,https://rae.mju.ac.th/goverment/20130325103535_2013_rae/banner_25690306101947_370223.jpg,asset,keep,,no,no,raw/assets/ASSET-1002-6.jpg,,PAGE-1002,,
ASSET-1002-7,https://rae.mju.ac.th/goverment/20130325103535_2013_rae/banner_25690216102413_343759.jpg,asset,keep,,no,no,raw/assets/ASSET-1002-7.jpg,,PAGE-1002,,
ASSET-1002-8,https://rae.mju.ac.th/goverment/20130325103535_2013_rae/banner_25621111155137_788895.jpg,asset,keep,,no,no,raw/assets/ASSET-1002-8.jpg,,PAGE-1002,,
ASSET-1002-9,https://rae.mju.ac.th/images/bgB.jpg,asset,keep,,no,no,raw/assets/ASSET-1002-9.jpg,,PAGE-1002,,
ASSET-1002-10,https://rae.mju.ac.th/wtms_documentDownload.aspx?id=ODAxNzU=,asset,keep,,no,no,raw/assets/ASSET-1002-10.aspx?id=ODAxNzU=,,PAGE-1002,,
ASSET-1002-11,https://rae.mju.ac.th/wtms_documentDownload.aspx?id=ODAxNzk=,asset,keep,,no,no,raw/assets/ASSET-1002-11.aspx?id=ODAxNzk=,,PAGE-1002,,
ASSET-1002-12,https://rae.mju.ac.th/wtms_documentDownload.aspx?id=ODAxNzg=,asset,keep,,no,no,raw/assets/ASSET-1002-12.aspx?id=ODAxNzg=,,PAGE-1002,,
ASSET-1002-13,https://rae.mju.ac.th/wtms_documentDownload.aspx?id=NzE5ODY=,asset,keep,,no,no,raw/assets/ASSET-1002-13.aspx?id=NzE5ODY=,,PAGE-1002,,
ASSET-1002-14,https://rae.mju.ac.th/wtms_documentDownload.aspx?id=NzE5ODE=,asset,keep,,no,no,raw/assets/ASSET-1002-14.aspx?id=NzE5ODE=,,PAGE-1002,,
ASSET-1002-15,https://rae.mju.ac.th/wtms_documentDownload.aspx?id=NzE5ODQ=,asset,keep,,no,no,raw/assets/ASSET-1002-15.aspx?id=NzE5ODQ=,,PAGE-1002,,
ASSET-1002-16,https://rae.mju.ac.th/wtms_documentDownload.aspx?id=ODU2MzU=,asset,keep,,no,no,raw/assets/ASSET-1002-16.aspx?id=ODU2MzU=,,PAGE-1002,,
ASSET-1002-17,https://rae.mju.ac.th/wtms_documentDownload.aspx?id=ODAxNjg=,asset,keep,,no,no,raw/assets/ASSET-1002-17.aspx?id=ODAxNjg=,,PAGE-1002,,
ASSET-1002-18,https://rae.mju.ac.th/wtms_documentDownload.aspx?id=ODA3NTU=,asset,keep,,no,no,raw/assets/ASSET-1002-18.aspx?id=ODA3NTU=,,PAGE-1002,,
ASSET-1002-19,https://rae.mju.ac.th/wtms_documentDownload.aspx?id=NzYzOTQ=,asset,keep,,no,no,raw/assets/ASSET-1002-19.aspx?id=NzYzOTQ=,,PAGE-1002,,
ASSET-1002-20,https://rae.mju.ac.th/wtms_documentDownload.aspx?id=NzE5ODk=,asset,keep,,no,no,raw/assets/ASSET-1002-20.aspx?id=NzE5ODk=,,PAGE-1002,,
ASSET-1002-21,https://rae.mju.ac.th/wtms_documentDownload.aspx?id=NzE5OTI=,asset,keep,,no,no,raw/assets/ASSET-1002-21.aspx?id=NzE5OTI=,,PAGE-1002,,
ASSET-1002-22,https://rae.mju.ac.th/wtms_documentDownload.aspx?id=Nzc0MzI=,asset,keep,,no,no,raw/assets/ASSET-1002-22.aspx?id=Nzc0MzI=,,PAGE-1002,,
ASSET-1002-23,https://rae.mju.ac.th/wtms_documentDownload.aspx?id=NzE5OTM=,asset,keep,,no,no,raw/assets/ASSET-1002-23.aspx?id=NzE5OTM=,,PAGE-1002,,
ASSET-1002-24,https://rae.mju.ac.th/wtms_documentDownload.aspx?id=NzE5OTE=,asset,keep,,no,no,raw/assets/ASSET-1002-24.aspx?id=NzE5OTE=,,PAGE-1002,,
ASSET-1002-25,https://rae.mju.ac.th/placeholder.png,asset,keep,,no,no,raw/assets/ASSET-1002-25.png,,PAGE-1002,,
ASSET-1002-26,https://rae.mju.ac.th/goverment/20130325103535_2013_rae/Doc_25671008160853_758028.png,asset,keep,,no,no,raw/assets/ASSET-1002-26.png,,PAGE-1002,,
ASSET-1002-27,https://scdn.line-apps.com/n/line_add_friends/btn/th.png,asset,keep,,no,no,raw/assets/ASSET-1002-27.png,,PAGE-1002,,
ASSET-1002-28,https://rae.mju.ac.th/wtms_documentDownload.aspx?id=ODcwNzU=,asset,keep,,no,no,raw/assets/ASSET-1002-28.aspx?id=ODcwNzU=,,PAGE-1002,,
ASSET-1002-29,https://rae.mju.ac.th/wtms_system/images/logo-wtms.png,asset,keep,,no,no,raw/assets/ASSET-1002-29.png,,PAGE-1002,,
ASSET-1002-30,https://rae.mju.ac.th/goverment/20130325103535_2013_rae/Doc_25690310092241_879433.pdf,asset,keep,,no,no,raw/assets/ASSET-1002-30.pdf,,PAGE-1002,,
ASSET-1002-31,https://rae.mju.ac.th/goverment/20130325103535_2013_rae/Doc_25690310092314_430623.pdf,asset,keep,,no,no,raw/assets/ASSET-1002-31.pdf,,PAGE-1002,,
ASSET-1003-1,https://rae.mju.ac.th/assets/img/mslogo.jpg,asset,keep,,no,no,raw/assets/ASSET-1003-1.jpg,,PAGE-1003,,
ASSET-1003-2,https://rae.mju.ac.th/assets/img/ThaID.png,asset,keep,,no,no,raw/assets/ASSET-1003-2.png,,PAGE-1003,,
ASSET-1003-3,https://rae.mju.ac.th/assets/img/MJUApp.png,asset,keep,,no,no,raw/assets/ASSET-1003-3.png,,PAGE-1003,,
ASSET-1004-1,https://rae.mju.ac.th/goverment/20130325103535_2013_rae/Logo_25580508150123_636182.png,asset,keep,,no,no,raw/assets/ASSET-1004-1.png,,PAGE-1004,,
ASSET-1004-2,https://erp.mju.ac.th/images/ribbon-black_68.png,asset,keep,,no,no,raw/assets/ASSET-1004-2.png,,PAGE-1004,,
ASSET-1004-3,https://rae.mju.ac.th/goverment/20130325103535_2013_rae/banner_25690319095324_957639.png,asset,keep,,no,no,raw/assets/ASSET-1004-3.png,,PAGE-1004,,
ASSET-1004-4,https://rae.mju.ac.th/goverment/20130325103535_2013_rae/banner_25690311101352_474397.jpg,asset,keep,,no,no,raw/assets/ASSET-1004-4.jpg,,PAGE-1004,,
ASSET-1004-5,https://rae.mju.ac.th/goverment/20130325103535_2013_rae/banner_25690311104023_228890.jpg,asset,keep,,no,no,raw/assets/ASSET-1004-5.jpg,,PAGE-1004,,
ASSET-1004-6,https://rae.mju.ac.th/goverment/20130325103535_2013_rae/banner_25690306101947_370223.jpg,asset,keep,,no,no,raw/assets/ASSET-1004-6.jpg,,PAGE-1004,,
ASSET-1004-7,https://rae.mju.ac.th/goverment/20130325103535_2013_rae/banner_25690216102413_343759.jpg,asset,keep,,no,no,raw/assets/ASSET-1004-7.jpg,,PAGE-1004,,
ASSET-1004-8,https://rae.mju.ac.th/goverment/20130325103535_2013_rae/banner_25621111155137_788895.jpg,asset,keep,,no,no,raw/assets/ASSET-1004-8.jpg,,PAGE-1004,,
ASSET-1004-9,https://rae.mju.ac.th/images/bgB.jpg,asset,keep,,no,no,raw/assets/ASSET-1004-9.jpg,,PAGE-1004,,
ASSET-1004-10,https://rae.mju.ac.th/wtms_documentDownload.aspx?id=ODAxNzU=,asset,keep,,no,no,raw/assets/ASSET-1004-10.aspx?id=ODAxNzU=,,PAGE-1004,,
ASSET-1004-11,https://rae.mju.ac.th/wtms_documentDownload.aspx?id=ODAxNzk=,asset,keep,,no,no,raw/assets/ASSET-1004-11.aspx?id=ODAxNzk=,,PAGE-1004,,
ASSET-1004-12,https://rae.mju.ac.th/wtms_documentDownload.aspx?id=ODAxNzg=,asset,keep,,no,no,raw/assets/ASSET-1004-12.aspx?id=ODAxNzg=,,PAGE-1004,,
ASSET-1004-13,https://rae.mju.ac.th/wtms_documentDownload.aspx?id=NzE5ODY=,asset,keep,,no,no,raw/assets/ASSET-1004-13.aspx?id=NzE5ODY=,,PAGE-1004,,
ASSET-1004-14,https://rae.mju.ac.th/wtms_documentDownload.aspx?id=NzE5ODE=,asset,keep,,no,no,raw/assets/ASSET-1004-14.aspx?id=NzE5ODE=,,PAGE-1004,,
ASSET-1004-15,https://rae.mju.ac.th/wtms_documentDownload.aspx?id=NzE5ODQ=,asset,keep,,no,no,raw/assets/ASSET-1004-15.aspx?id=NzE5ODQ=,,PAGE-1004,,
ASSET-1004-16,https://rae.mju.ac.th/wtms_documentDownload.aspx?id=ODU2MzU=,asset,keep,,no,no,raw/assets/ASSET-1004-16.aspx?id=ODU2MzU=,,PAGE-1004,,
ASSET-1004-17,https://rae.mju.ac.th/wtms_documentDownload.aspx?id=ODAxNjg=,asset,keep,,no,no,raw/assets/ASSET-1004-17.aspx?id=ODAxNjg=,,PAGE-1004,,
ASSET-1004-18,https://rae.mju.ac.th/wtms_documentDownload.aspx?id=ODA3NTU=,asset,keep,,no,no,raw/assets/ASSET-1004-18.aspx?id=ODA3NTU=,,PAGE-1004,,
ASSET-1004-19,https://rae.mju.ac.th/wtms_documentDownload.aspx?id=NzYzOTQ=,asset,keep,,no,no,raw/assets/ASSET-1004-19.aspx?id=NzYzOTQ=,,PAGE-1004,,
ASSET-1004-20,https://rae.mju.ac.th/wtms_documentDownload.aspx?id=NzE5ODk=,asset,keep,,no,no,raw/assets/ASSET-1004-20.aspx?id=NzE5ODk=,,PAGE-1004,,
ASSET-1004-21,https://rae.mju.ac.th/wtms_documentDownload.aspx?id=NzE5OTI=,asset,keep,,no,no,raw/assets/ASSET-1004-21.aspx?id=NzE5OTI=,,PAGE-1004,,
ASSET-1004-22,https://rae.mju.ac.th/wtms_documentDownload.aspx?id=Nzc0MzI=,asset,keep,,no,no,raw/assets/ASSET-1004-22.aspx?id=Nzc0MzI=,,PAGE-1004,,
ASSET-1004-23,https://rae.mju.ac.th/wtms_documentDownload.aspx?id=NzE5OTM=,asset,keep,,no,no,raw/assets/ASSET-1004-23.aspx?id=NzE5OTM=,,PAGE-1004,,
ASSET-1004-24,https://rae.mju.ac.th/wtms_documentDownload.aspx?id=NzE5OTE=,asset,keep,,no,no,raw/assets/ASSET-1004-24.aspx?id=NzE5OTE=,,PAGE-1004,,
ASSET-1004-25,https://rae.mju.ac.th/placeholder.png,asset,keep,,no,no,raw/assets/ASSET-1004-25.png,,PAGE-1004,,
ASSET-1004-26,https://rae.mju.ac.th/goverment/20130325103535_2013_rae/Doc_25671008160853_758028.png,asset,keep,,no,no,raw/assets/ASSET-1004-26.png,,PAGE-1004,,
ASSET-1004-27,https://scdn.line-apps.com/n/line_add_friends/btn/th.png,asset,keep,,no,no,raw/assets/ASSET-1004-27.png,,PAGE-1004,,
ASSET-1004-28,https://rae.mju.ac.th/wtms_documentDownload.aspx?id=ODcwNzU=,asset,keep,,no,no,raw/assets/ASSET-1004-28.aspx?id=ODcwNzU=,,PAGE-1004,,
ASSET-1004-29,https://rae.mju.ac.th/wtms_system/images/logo-wtms.png,asset,keep,,no,no,raw/assets/ASSET-1004-29.png,,PAGE-1004,,
ASSET-1004-30,https://rae.mju.ac.th/goverment/20130325103535_2013_rae/Doc_25690310092241_879433.pdf,asset,keep,,no,no,raw/assets/ASSET-1004-30.pdf,,PAGE-1004,,
ASSET-1004-31,https://rae.mju.ac.th/goverment/20130325103535_2013_rae/Doc_25690310092314_430623.pdf,asset,keep,,no,no,raw/assets/ASSET-1004-31.pdf,,PAGE-1004,,
ASSET-1005-1,https://rae.mju.ac.th/goverment/20130325103535_2013_rae/Logo_25580508150123_636182.png,asset,keep,,no,no,raw/assets/ASSET-1005-1.png,,PAGE-1005,,
ASSET-1005-2,https://erp.mju.ac.th/images/ribbon-black_68.png,asset,keep,,no,no,raw/assets/ASSET-1005-2.png,,PAGE-1005,,
ASSET-1005-3,https://rae.mju.ac.th/wtms_system/images/logo-wtms.png,asset,keep,,no,no,raw/assets/ASSET-1005-3.png,,PAGE-1005,,
ASSET-1006-1,https://rae.mju.ac.th/goverment/20130325103535_2013_rae/Logo_25580508150123_636182.png,asset,keep,,no,no,raw/assets/ASSET-1006-1.png,,PAGE-1006,,
ASSET-1006-2,https://erp.mju.ac.th/images/ribbon-black_68.png,asset,keep,,no,no,raw/assets/ASSET-1006-2.png,,PAGE-1006,,
ASSET-1006-3,https://rae.mju.ac.th/wtms_system/images/logo-wtms.png,asset,keep,,no,no,raw/assets/ASSET-1006-3.png,,PAGE-1006,,
ASSET-1007-1,https://rae.mju.ac.th/goverment/20130325103535_2013_rae/Logo_25580508150123_636182.png,asset,keep,,no,no,raw/assets/ASSET-1007-1.png,,PAGE-1007,,
ASSET-1007-2,https://erp.mju.ac.th/images/ribbon-black_68.png,asset,keep,,no,no,raw/assets/ASSET-1007-2.png,,PAGE-1007,,
ASSET-1007-3,https://rae.mju.ac.th/goverment/20130325103535_2013_rae/banner_25690319095324_957639.png,asset,keep,,no,no,raw/assets/ASSET-1007-3.png,,PAGE-1007,,
ASSET-1007-4,https://rae.mju.ac.th/goverment/20130325103535_2013_rae/banner_25690311101352_474397.jpg,asset,keep,,no,no,raw/assets/ASSET-1007-4.jpg,,PAGE-1007,,
ASSET-1007-5,https://rae.mju.ac.th/goverment/20130325103535_2013_rae/banner_25690311104023_228890.jpg,asset,keep,,no,no,raw/assets/ASSET-1007-5.jpg,,PAGE-1007,,
ASSET-1007-6,https://rae.mju.ac.th/goverment/20130325103535_2013_rae/banner_25690306101947_370223.jpg,asset,keep,,no,no,raw/assets/ASSET-1007-6.jpg,,PAGE-1007,,
ASSET-1007-7,https://rae.mju.ac.th/goverment/20130325103535_2013_rae/banner_25690216102413_343759.jpg,asset,keep,,no,no,raw/assets/ASSET-1007-7.jpg,,PAGE-1007,,
ASSET-1007-8,https://rae.mju.ac.th/goverment/20130325103535_2013_rae/banner_25621111155137_788895.jpg,asset,keep,,no,no,raw/assets/ASSET-1007-8.jpg,,PAGE-1007,,
ASSET-1007-9,https://rae.mju.ac.th/images/bgB.jpg,asset,keep,,no,no,raw/assets/ASSET-1007-9.jpg,,PAGE-1007,,
ASSET-1007-10,https://rae.mju.ac.th/wtms_documentDownload.aspx?id=ODAxNzU=,asset,keep,,no,no,raw/assets/ASSET-1007-10.aspx?id=ODAxNzU=,,PAGE-1007,,
ASSET-1007-11,https://rae.mju.ac.th/wtms_documentDownload.aspx?id=ODAxNzk=,asset,keep,,no,no,raw/assets/ASSET-1007-11.aspx?id=ODAxNzk=,,PAGE-1007,,
ASSET-1007-12,https://rae.mju.ac.th/wtms_documentDownload.aspx?id=ODAxNzg=,asset,keep,,no,no,raw/assets/ASSET-1007-12.aspx?id=ODAxNzg=,,PAGE-1007,,
ASSET-1007-13,https://rae.mju.ac.th/wtms_documentDownload.aspx?id=NzE5ODY=,asset,keep,,no,no,raw/assets/ASSET-1007-13.aspx?id=NzE5ODY=,,PAGE-1007,,
ASSET-1007-14,https://rae.mju.ac.th/wtms_documentDownload.aspx?id=NzE5ODE=,asset,keep,,no,no,raw/assets/ASSET-1007-14.aspx?id=NzE5ODE=,,PAGE-1007,,
ASSET-1007-15,https://rae.mju.ac.th/wtms_documentDownload.aspx?id=NzE5ODQ=,asset,keep,,no,no,raw/assets/ASSET-1007-15.aspx?id=NzE5ODQ=,,PAGE-1007,,
ASSET-1007-16,https://rae.mju.ac.th/wtms_documentDownload.aspx?id=ODU2MzU=,asset,keep,,no,no,raw/assets/ASSET-1007-16.aspx?id=ODU2MzU=,,PAGE-1007,,
ASSET-1007-17,https://rae.mju.ac.th/wtms_documentDownload.aspx?id=ODAxNjg=,asset,keep,,no,no,raw/assets/ASSET-1007-17.aspx?id=ODAxNjg=,,PAGE-1007,,
ASSET-1007-18,https://rae.mju.ac.th/wtms_documentDownload.aspx?id=ODA3NTU=,asset,keep,,no,no,raw/assets/ASSET-1007-18.aspx?id=ODA3NTU=,,PAGE-1007,,
ASSET-1007-19,https://rae.mju.ac.th/wtms_documentDownload.aspx?id=NzYzOTQ=,asset,keep,,no,no,raw/assets/ASSET-1007-19.aspx?id=NzYzOTQ=,,PAGE-1007,,
ASSET-1007-20,https://rae.mju.ac.th/wtms_documentDownload.aspx?id=NzE5ODk=,asset,keep,,no,no,raw/assets/ASSET-1007-20.aspx?id=NzE5ODk=,,PAGE-1007,,
ASSET-1007-21,https://rae.mju.ac.th/wtms_documentDownload.aspx?id=NzE5OTI=,asset,keep,,no,no,raw/assets/ASSET-1007-21.aspx?id=NzE5OTI=,,PAGE-1007,,
ASSET-1007-22,https://rae.mju.ac.th/wtms_documentDownload.aspx?id=Nzc0MzI=,asset,keep,,no,no,raw/assets/ASSET-1007-22.aspx?id=Nzc0MzI=,,PAGE-1007,,
ASSET-1007-23,https://rae.mju.ac.th/wtms_documentDownload.aspx?id=NzE5OTM=,asset,keep,,no,no,raw/assets/ASSET-1007-23.aspx?id=NzE5OTM=,,PAGE-1007,,
ASSET-1007-24,https://rae.mju.ac.th/wtms_documentDownload.aspx?id=NzE5OTE=,asset,keep,,no,no,raw/assets/ASSET-1007-24.aspx?id=NzE5OTE=,,PAGE-1007,,
ASSET-1007-25,https://rae.mju.ac.th/placeholder.png,asset,keep,,no,no,raw/assets/ASSET-1007-25.png,,PAGE-1007,,
ASSET-1007-26,https://rae.mju.ac.th/goverment/20130325103535_2013_rae/Doc_25671008160853_758028.png,asset,keep,,no,no,raw/assets/ASSET-1007-26.png,,PAGE-1007,,
ASSET-1007-27,https://scdn.line-apps.com/n/line_add_friends/btn/th.png,asset,keep,,no,no,raw/assets/ASSET-1007-27.png,,PAGE-1007,,
ASSET-1007-28,https://rae.mju.ac.th/wtms_documentDownload.aspx?id=ODcwNzU=,asset,keep,,no,no,raw/assets/ASSET-1007-28.aspx?id=ODcwNzU=,,PAGE-1007,,
ASSET-1007-29,https://rae.mju.ac.th/wtms_system/images/logo-wtms.png,asset,keep,,no,no,raw/assets/ASSET-1007-29.png,,PAGE-1007,,
ASSET-1007-30,https://rae.mju.ac.th/goverment/20130325103535_2013_rae/Doc_25690310092241_879433.pdf,asset,keep,,no,no,raw/assets/ASSET-1007-30.pdf,,PAGE-1007,,
ASSET-1007-31,https://rae.mju.ac.th/goverment/20130325103535_2013_rae/Doc_25690310092314_430623.pdf,asset,keep,,no,no,raw/assets/ASSET-1007-31.pdf,,PAGE-1007,,
ASSET-1008-1,https://rae.mju.ac.th/images/logo.png,asset,keep,,no,no,raw/assets/ASSET-1008-1.png,,PAGE-1008,,
ASSET-1008-2,https://rae.mju.ac.th/wtms_documentDownload.aspx?id=ODQxMjE=,asset,keep,,no,no,raw/assets/ASSET-1008-2.aspx?id=ODQxMjE=,,PAGE-1008,,
ASSET-1008-3,https://rae.mju.ac.th/wtms_documentDownload.aspx?id=ODQxMzk=,asset,keep,,no,no,raw/assets/ASSET-1008-3.aspx?id=ODQxMzk=,,PAGE-1008,,
ASSET-1008-4,https://rae.mju.ac.th/wtms_documentDownload.aspx?id=ODQxMzY=,asset,keep,,no,no,raw/assets/ASSET-1008-4.aspx?id=ODQxMzY=,,PAGE-1008,,
ASSET-1008-5,https://rae.mju.ac.th/wtms_documentDownload.aspx?id=ODQxMzc=,asset,keep,,no,no,raw/assets/ASSET-1008-5.aspx?id=ODQxMzc=,,PAGE-1008,,
ASSET-1008-6,https://rae.mju.ac.th/wtms_documentDownload.aspx?id=ODQxNDA=,asset,keep,,no,no,raw/assets/ASSET-1008-6.aspx?id=ODQxNDA=,,PAGE-1008,,
ASSET-1008-7,https://rae.mju.ac.th/wtms_documentDownload.aspx?id=ODQxMzg=,asset,keep,,no,no,raw/assets/ASSET-1008-7.aspx?id=ODQxMzg=,,PAGE-1008,,
ASSET-1009-1,https://rae.mju.ac.th/images/logo.png,asset,keep,,no,no,raw/assets/ASSET-1009-1.png,,PAGE-1009,,
ASSET-1009-2,https://rae.mju.ac.th/wtms_documentDownload.aspx?id=Njg0OTU=,asset,keep,,no,no,raw/assets/ASSET-1009-2.aspx?id=Njg0OTU=,,PAGE-1009,,
ASSET-1010-1,https://rae.mju.ac.th/images/logo.png,asset,keep,,no,no,raw/assets/ASSET-1010-1.png,,PAGE-1010,,
ASSET-1010-2,https://rae.mju.ac.th/wtms_documentDownload.aspx?id=Njg0OTM=,asset,keep,,no,no,raw/assets/ASSET-1010-2.aspx?id=Njg0OTM=,,PAGE-1010,,
ASSET-1011-1,https://rae.mju.ac.th/images/logo.png,asset,keep,,no,no,raw/assets/ASSET-1011-1.png,,PAGE-1011,,
ASSET-1011-2,https://rae.mju.ac.th/wtms_documentDownload.aspx?id=ODg1NzQ=,asset,keep,,no,no,raw/assets/ASSET-1011-2.aspx?id=ODg1NzQ=,,PAGE-1011,,
ASSET-1012-1,https://rae.mju.ac.th/images/logo.png,asset,keep,,no,no,raw/assets/ASSET-1012-1.png,,PAGE-1012,,
ASSET-1012-2,https://rae.mju.ac.th/wtms_documentDownload.aspx?id=ODU0NTM=,asset,keep,,no,no,raw/assets/ASSET-1012-2.aspx?id=ODU0NTM=,,PAGE-1012,,
ASSET-1012-3,https://rae.mju.ac.th/wtms_documentDownload.aspx?id=NDE5NzI=,asset,keep,,no,no,raw/assets/ASSET-1012-3.aspx?id=NDE5NzI=,,PAGE-1012,,
ASSET-1012-4,https://rae.mju.ac.th/wtms_documentDownload.aspx?id=ODU0NTQ=,asset,keep,,no,no,raw/assets/ASSET-1012-4.aspx?id=ODU0NTQ=,,PAGE-1012,,
ASSET-1012-5,https://rae.mju.ac.th/wtms_documentDownload.aspx?id=NDI1MTA=,asset,keep,,no,no,raw/assets/ASSET-1012-5.aspx?id=NDI1MTA=,,PAGE-1012,,
ASSET-1012-6,https://rae.mju.ac.th/wtms_documentDownload.aspx?id=ODU0Njk=,asset,keep,,no,no,raw/assets/ASSET-1012-6.aspx?id=ODU0Njk=,,PAGE-1012,,
ASSET-1012-7,https://rae.mju.ac.th/banners/grad2560.jpg,asset,keep,,no,no,raw/assets/ASSET-1012-7.jpg,,PAGE-1012,,
ASSET-1012-8,https://rae.mju.ac.th/index/images/newp.gif,asset,keep,,no,no,raw/assets/ASSET-1012-8.gif,,PAGE-1012,,
ASSET-1012-9,https://rae.mju.ac.th/index/images/medical.png,asset,keep,,no,no,raw/assets/ASSET-1012-9.png,,PAGE-1012,,
ASSET-1012-10,https://rae.mju.ac.th/index/images/apremium.jpg,asset,keep,,no,no,raw/assets/ASSET-1012-10.jpg,,PAGE-1012,,
ASSET-1012-11,https://rae.mju.ac.th/banners/banner_final.jpg,asset,keep,,no,no,raw/assets/ASSET-1012-11.jpg,,PAGE-1012,,
ASSET-1012-12,https://rae.mju.ac.th/images/_confirm.jpg,asset,keep,,no,no,raw/assets/ASSET-1012-12.jpg,,PAGE-1012,,
ASSET-1012-13,https://rae.mju.ac.th/index/iPic/banner3.jpg,asset,keep,,no,no,raw/assets/ASSET-1012-13.jpg,,PAGE-1012,,
ASSET-1012-14,https://rae.mju.ac.th/banners/banner4.jpg,asset,keep,,no,no,raw/assets/ASSET-1012-14.jpg,,PAGE-1012,,
ASSET-1012-15,https://rae.mju.ac.th/index/iPic/banner4-2.jpg,asset,keep,,no,no,raw/assets/ASSET-1012-15.jpg,,PAGE-1012,,
ASSET-1012-16,https://rae.mju.ac.th/banners/confirmX.jpg,asset,keep,,no,no,raw/assets/ASSET-1012-16.jpg,,PAGE-1012,,
ASSET-1012-17,https://rae.mju.ac.th/images/pundit_banner.png,asset,keep,,no,no,raw/assets/ASSET-1012-17.png,,PAGE-1012,,
ASSET-1012-18,https://rae.mju.ac.th/banners/banner3.jpg,asset,keep,,no,no,raw/assets/ASSET-1012-18.jpg,,PAGE-1012,,
ASSET-1012-19,https://rae.mju.ac.th/index/banners/picture9.jpg,asset,keep,,no,no,raw/assets/ASSET-1012-19.jpg,,PAGE-1012,,
ASSET-1012-20,https://rae.mju.ac.th/index/banners/picture10.jpg,asset,keep,,no,no,raw/assets/ASSET-1012-20.jpg,,PAGE-1012,,
ASSET-1012-21,https://rae.mju.ac.th/banners/freshyinfo.png,asset,keep,,no,no,raw/assets/ASSET-1012-21.png,,PAGE-1012,,
ASSET-1012-22,https://rae.mju.ac.th/index/banners/picture6.jpg,asset,keep,,no,no,raw/assets/ASSET-1012-22.jpg,,PAGE-1012,,
ASSET-1012-23,https://rae.mju.ac.th/index/banners/picture7.jpg,asset,keep,,no,no,raw/assets/ASSET-1012-23.jpg,,PAGE-1012,,
ASSET-1012-24,https://rae.mju.ac.th/index/banners/picture8.jpg,asset,keep,,no,no,raw/assets/ASSET-1012-24.jpg,,PAGE-1012,,
ASSET-1012-25,https://rae.mju.ac.th/index/banners/picture1.jpg,asset,keep,,no,no,raw/assets/ASSET-1012-25.jpg,,PAGE-1012,,
ASSET-1012-26,https://rae.mju.ac.th/index/banners/picture5.jpg,asset,keep,,no,no,raw/assets/ASSET-1012-26.jpg,,PAGE-1012,,
ASSET-1012-27,https://rae.mju.ac.th/index/banners/picture4.jpg,asset,keep,,no,no,raw/assets/ASSET-1012-27.jpg,,PAGE-1012,,
ASSET-1012-28,https://rae.mju.ac.th/index/banners/picture3.jpg,asset,keep,,no,no,raw/assets/ASSET-1012-28.jpg,,PAGE-1012,,
ASSET-1012-29,https://rae.mju.ac.th/index/banners/picture2.jpg,asset,keep,,no,no,raw/assets/ASSET-1012-29.jpg,,PAGE-1012,,
ASSET-1012-30,https://rae.mju.ac.th/banners/faq.png,asset,keep,,no,no,raw/assets/ASSET-1012-30.png,,PAGE-1012,,
ASSET-1012-31,https://rae.mju.ac.th/wtms_documentDownload.aspx?id=Mzk0NzE=,asset,keep,,no,no,raw/assets/ASSET-1012-31.aspx?id=Mzk0NzE=,,PAGE-1012,,
ASSET-1012-32,https://rae.mju.ac.th/wtms_documentDownload.aspx?id=NDI2Mzg=,asset,keep,,no,no,raw/assets/ASSET-1012-32.aspx?id=NDI2Mzg=,,PAGE-1012,,
ASSET-1012-33,https://rae.mju.ac.th/ac.th/directEnt/file/61_update29-8-60.pdf,asset,keep,,no,no,raw/assets/ASSET-1012-33.pdf,,PAGE-1012,,
ASSET-1013-1,https://rae.mju.ac.th/images/logo.png,asset,keep,,no,no,raw/assets/ASSET-1013-1.png,,PAGE-1013,,
ASSET-1013-2,https://rae.mju.ac.th/wtms_documentDownload.aspx?id=MTgzMDE=,asset,keep,,no,no,raw/assets/ASSET-1013-2.aspx?id=MTgzMDE=,,PAGE-1013,,
ASSET-1013-3,https://rae.mju.ac.th/wtms_documentDownload.aspx?id=MTgzMDI=,asset,keep,,no,no,raw/assets/ASSET-1013-3.aspx?id=MTgzMDI=,,PAGE-1013,,
ASSET-1013-4,https://rae.mju.ac.th/wtms_documentDownload.aspx?id=MTgzMDM=,asset,keep,,no,no,raw/assets/ASSET-1013-4.aspx?id=MTgzMDM=,,PAGE-1013,,
ASSET-1014-1,https://rae.mju.ac.th/images/logo.png,asset,keep,,no,no,raw/assets/ASSET-1014-1.png,,PAGE-1014,,
ASSET-1014-2,https://rae.mju.ac.th/wtms_documentDownload.aspx?id=NDM4OTY=,asset,keep,,no,no,raw/assets/ASSET-1014-2.aspx?id=NDM4OTY=,,PAGE-1014,,
ASSET-1015-1,https://rae.mju.ac.th/images/logo.png,asset,keep,,no,no,raw/assets/ASSET-1015-1.png,,PAGE-1015,,
ASSET-1016-1,https://rae.mju.ac.th/images/logo.png,asset,keep,,no,no,raw/assets/ASSET-1016-1.png,,PAGE-1016,,
ASSET-1016-2,https://rae.mju.ac.th/wtms_documentDownload.aspx?id=ODI2NDQ=,asset,keep,,no,no,raw/assets/ASSET-1016-2.aspx?id=ODI2NDQ=,,PAGE-1016,,
ASSET-1016-3,https://rae.mju.ac.th/wtms_documentDownload.aspx?id=ODc3OTY=,asset,keep,,no,no,raw/assets/ASSET-1016-3.aspx?id=ODc3OTY=,,PAGE-1016,,
ASSET-1016-4,https://rae.mju.ac.th/wtms_documentDownload.aspx?id=ODg1NzY=,asset,keep,,no,no,raw/assets/ASSET-1016-4.aspx?id=ODg1NzY=,,PAGE-1016,,
ASSET-1016-5,https://rae.mju.ac.th/wtms_documentDownload.aspx?id=ODQxODk=,asset,keep,,no,no,raw/assets/ASSET-1016-5.aspx?id=ODQxODk=,,PAGE-1016,,
ASSET-1017-1,https://rae.mju.ac.th/images/logo.png,asset,keep,,no,no,raw/assets/ASSET-1017-1.png,,PAGE-1017,,
ASSET-1017-2,https://rae.mju.ac.th/wtms_documentDownload.aspx?id=ODI2NDI=,asset,keep,,no,no,raw/assets/ASSET-1017-2.aspx?id=ODI2NDI=,,PAGE-1017,,
ASSET-1017-3,https://rae.mju.ac.th/wtms_documentDownload.aspx?id=ODU0NzA=,asset,keep,,no,no,raw/assets/ASSET-1017-3.aspx?id=ODU0NzA=,,PAGE-1017,,
ASSET-1017-4,https://rae.mju.ac.th/wtms_documentDownload.aspx?id=ODY5MTQ=,asset,keep,,no,no,raw/assets/ASSET-1017-4.aspx?id=ODY5MTQ=,,PAGE-1017,,
ASSET-1017-5,https://rae.mju.ac.th/wtms_documentDownload.aspx?id=ODE0MjY=,asset,keep,,no,no,raw/assets/ASSET-1017-5.aspx?id=ODE0MjY=,,PAGE-1017,,
ASSET-1018-1,https://rae.mju.ac.th/images/logo.png,asset,keep,,no,no,raw/assets/ASSET-1018-1.png,,PAGE-1018,,
ASSET-1018-2,https://rae.mju.ac.th/wtms_documentDownload.aspx?id=ODg1NzU=,asset,keep,,no,no,raw/assets/ASSET-1018-2.aspx?id=ODg1NzU=,,PAGE-1018,,
ASSET-1018-3,https://rae.mju.ac.th/wtms_documentDownload.aspx?id=ODYxMjQ=,asset,keep,,no,no,raw/assets/ASSET-1018-3.aspx?id=ODYxMjQ=,,PAGE-1018,,
ASSET-1018-4,https://rae.mju.ac.th/wtms_documentDownload.aspx?id=ODYxMjU=,asset,keep,,no,no,raw/assets/ASSET-1018-4.aspx?id=ODYxMjU=,,PAGE-1018,,
ASSET-1018-5,https://rae.mju.ac.th/wtms_documentDownload.aspx?id=ODY5MTM=,asset,keep,,no,no,raw/assets/ASSET-1018-5.aspx?id=ODY5MTM=,,PAGE-1018,,
ASSET-1018-6,https://rae.mju.ac.th/wtms_documentDownload.aspx?id=ODU5MDg=,asset,keep,,no,no,raw/assets/ASSET-1018-6.aspx?id=ODU5MDg=,,PAGE-1018,,
ASSET-1019-1,https://rae.mju.ac.th/images/logo.png,asset,keep,,no,no,raw/assets/ASSET-1019-1.png,,PAGE-1019,,
ASSET-1019-2,https://rae.mju.ac.th/wtms_documentDownload.aspx?id=Mzk4MjM=,asset,keep,,no,no,raw/assets/ASSET-1019-2.aspx?id=Mzk4MjM=,,PAGE-1019,,
ASSET-1020-1,https://rae.mju.ac.th/images/logo.png,asset,keep,,no,no,raw/assets/ASSET-1020-1.png,,PAGE-1020,,
ASSET-1024-1,https://rae.mju.ac.th/images/logo.png,asset,keep,,no,no,raw/assets/ASSET-1024-1.png,,PAGE-1024,,
ASSET-1025-1,https://rae.mju.ac.th/images/logo.png,asset,keep,,no,no,raw/assets/ASSET-1025-1.png,,PAGE-1025,,
ASSET-1025-2,https://rae.mju.ac.th/wtms_documentDownload.aspx?id=NDM2NTk=,asset,keep,,no,no,raw/assets/ASSET-1025-2.aspx?id=NDM2NTk=,,PAGE-1025,,
ASSET-1025-3,https://rae.mju.ac.th/wtms_documentDownload.aspx?id=NDI2NDA=,asset,keep,,no,no,raw/assets/ASSET-1025-3.aspx?id=NDI2NDA=,,PAGE-1025,,
ASSET-1025-4,https://rae.mju.ac.th/wtms_documentDownload.aspx?id=NDI1ODE=,asset,keep,,no,no,raw/assets/ASSET-1025-4.aspx?id=NDI1ODE=,,PAGE-1025,,
ASSET-1025-5,https://rae.mju.ac.th/wtms_documentDownload.aspx?id=NDI3NzE=,asset,keep,,no,no,raw/assets/ASSET-1025-5.aspx?id=NDI3NzE=,,PAGE-1025,,
ASSET-1025-6,https://rae.mju.ac.th/wtms_documentDownload.aspx?id=NDI2MjI=,asset,keep,,no,no,raw/assets/ASSET-1025-6.aspx?id=NDI2MjI=,,PAGE-1025,,
ASSET-1025-7,https://rae.mju.ac.th/wtms_documentDownload.aspx?id=NDI3NzQ=,asset,keep,,no,no,raw/assets/ASSET-1025-7.aspx?id=NDI3NzQ=,,PAGE-1025,,
ASSET-1025-8,https://rae.mju.ac.th/wtms_documentDownload.aspx?id=NDI2NDE=,asset,keep,,no,no,raw/assets/ASSET-1025-8.aspx?id=NDI2NDE=,,PAGE-1025,,
ASSET-1025-9,https://rae.mju.ac.th/wtms_documentDownload.aspx?id=NDI1ODQ=,asset,keep,,no,no,raw/assets/ASSET-1025-9.aspx?id=NDI1ODQ=,,PAGE-1025,,
ASSET-1025-10,https://rae.mju.ac.th/wtms_documentDownload.aspx?id=NDI4NjI=,asset,keep,,no,no,raw/assets/ASSET-1025-10.aspx?id=NDI4NjI=,,PAGE-1025,,
ASSET-1025-11,https://rae.mju.ac.th/wtms_documentDownload.aspx?id=NzE5MTI=,asset,keep,,no,no,raw/assets/ASSET-1025-11.aspx?id=NzE5MTI=,,PAGE-1025,,
ASSET-1025-12,https://rae.mju.ac.th/wtms_documentDownload.aspx?id=NDI1ODY=,asset,keep,,no,no,raw/assets/ASSET-1025-12.aspx?id=NDI1ODY=,,PAGE-1025,,
ASSET-1025-13,https://rae.mju.ac.th/wtms_documentDownload.aspx?id=NDI3NzI=,asset,keep,,no,no,raw/assets/ASSET-1025-13.aspx?id=NDI3NzI=,,PAGE-1025,,
ASSET-1025-14,https://rae.mju.ac.th/wtms_documentDownload.aspx?id=NTQxODc=,asset,keep,,no,no,raw/assets/ASSET-1025-14.aspx?id=NTQxODc=,,PAGE-1025,,
ASSET-1025-15,https://rae.mju.ac.th/wtms_documentDownload.aspx?id=NDI3Nzg=,asset,keep,,no,no,raw/assets/ASSET-1025-15.aspx?id=NDI3Nzg=,,PAGE-1025,,
ASSET-1025-16,https://rae.mju.ac.th/wtms_documentDownload.aspx?id=NDI2Mzk=,asset,keep,,no,no,raw/assets/ASSET-1025-16.aspx?id=NDI2Mzk=,,PAGE-1025,,
ASSET-1025-17,https://rae.mju.ac.th/wtms_documentDownload.aspx?id=NDI2MDI=,asset,keep,,no,no,raw/assets/ASSET-1025-17.aspx?id=NDI2MDI=,,PAGE-1025,,
ASSET-1025-18,https://rae.mju.ac.th/wtms_documentDownload.aspx?id=NzQ0MDE=,asset,keep,,no,no,raw/assets/ASSET-1025-18.aspx?id=NzQ0MDE=,,PAGE-1025,,
ASSET-1026-1,https://rae.mju.ac.th/goverment/20130325103535_2013_rae/Logo_25580508150123_636182.png,asset,keep,,no,no,raw/assets/ASSET-1026-1.png,,PAGE-1026,,
ASSET-1026-2,https://erp.mju.ac.th/images/ribbon-black_68.png,asset,keep,,no,no,raw/assets/ASSET-1026-2.png,,PAGE-1026,,
ASSET-1026-3,https://rae.mju.ac.th/goverment/20130325103535_2013_rae/banner_25690319095324_957639.png,asset,keep,,no,no,raw/assets/ASSET-1026-3.png,,PAGE-1026,,
ASSET-1026-4,https://rae.mju.ac.th/goverment/20130325103535_2013_rae/banner_25690311101352_474397.jpg,asset,keep,,no,no,raw/assets/ASSET-1026-4.jpg,,PAGE-1026,,
ASSET-1026-5,https://rae.mju.ac.th/goverment/20130325103535_2013_rae/banner_25690311104023_228890.jpg,asset,keep,,no,no,raw/assets/ASSET-1026-5.jpg,,PAGE-1026,,
ASSET-1026-6,https://rae.mju.ac.th/goverment/20130325103535_2013_rae/banner_25690306101947_370223.jpg,asset,keep,,no,no,raw/assets/ASSET-1026-6.jpg,,PAGE-1026,,
ASSET-1026-7,https://rae.mju.ac.th/goverment/20130325103535_2013_rae/banner_25690216102413_343759.jpg,asset,keep,,no,no,raw/assets/ASSET-1026-7.jpg,,PAGE-1026,,
ASSET-1026-8,https://rae.mju.ac.th/goverment/20130325103535_2013_rae/banner_25621111155137_788895.jpg,asset,keep,,no,no,raw/assets/ASSET-1026-8.jpg,,PAGE-1026,,
ASSET-1026-9,https://rae.mju.ac.th/images/bgB.jpg,asset,keep,,no,no,raw/assets/ASSET-1026-9.jpg,,PAGE-1026,,
ASSET-1026-10,https://rae.mju.ac.th/wtms_documentDownload.aspx?id=ODAxNzU=,asset,keep,,no,no,raw/assets/ASSET-1026-10.aspx?id=ODAxNzU=,,PAGE-1026,,
ASSET-1026-11,https://rae.mju.ac.th/wtms_documentDownload.aspx?id=ODAxNzk=,asset,keep,,no,no,raw/assets/ASSET-1026-11.aspx?id=ODAxNzk=,,PAGE-1026,,
ASSET-1026-12,https://rae.mju.ac.th/wtms_documentDownload.aspx?id=ODAxNzg=,asset,keep,,no,no,raw/assets/ASSET-1026-12.aspx?id=ODAxNzg=,,PAGE-1026,,
ASSET-1026-13,https://rae.mju.ac.th/wtms_documentDownload.aspx?id=NzE5ODY=,asset,keep,,no,no,raw/assets/ASSET-1026-13.aspx?id=NzE5ODY=,,PAGE-1026,,
ASSET-1026-14,https://rae.mju.ac.th/wtms_documentDownload.aspx?id=NzE5ODE=,asset,keep,,no,no,raw/assets/ASSET-1026-14.aspx?id=NzE5ODE=,,PAGE-1026,,
ASSET-1026-15,https://rae.mju.ac.th/wtms_documentDownload.aspx?id=NzE5ODQ=,asset,keep,,no,no,raw/assets/ASSET-1026-15.aspx?id=NzE5ODQ=,,PAGE-1026,,
ASSET-1026-16,https://rae.mju.ac.th/wtms_documentDownload.aspx?id=ODU2MzU=,asset,keep,,no,no,raw/assets/ASSET-1026-16.aspx?id=ODU2MzU=,,PAGE-1026,,
ASSET-1026-17,https://rae.mju.ac.th/wtms_documentDownload.aspx?id=ODAxNjg=,asset,keep,,no,no,raw/assets/ASSET-1026-17.aspx?id=ODAxNjg=,,PAGE-1026,,
ASSET-1026-18,https://rae.mju.ac.th/wtms_documentDownload.aspx?id=ODA3NTU=,asset,keep,,no,no,raw/assets/ASSET-1026-18.aspx?id=ODA3NTU=,,PAGE-1026,,
ASSET-1026-19,https://rae.mju.ac.th/wtms_documentDownload.aspx?id=NzYzOTQ=,asset,keep,,no,no,raw/assets/ASSET-1026-19.aspx?id=NzYzOTQ=,,PAGE-1026,,
ASSET-1026-20,https://rae.mju.ac.th/wtms_documentDownload.aspx?id=NzE5ODk=,asset,keep,,no,no,raw/assets/ASSET-1026-20.aspx?id=NzE5ODk=,,PAGE-1026,,
ASSET-1026-21,https://rae.mju.ac.th/wtms_documentDownload.aspx?id=NzE5OTI=,asset,keep,,no,no,raw/assets/ASSET-1026-21.aspx?id=NzE5OTI=,,PAGE-1026,,
ASSET-1026-22,https://rae.mju.ac.th/wtms_documentDownload.aspx?id=Nzc0MzI=,asset,keep,,no,no,raw/assets/ASSET-1026-22.aspx?id=Nzc0MzI=,,PAGE-1026,,
ASSET-1026-23,https://rae.mju.ac.th/wtms_documentDownload.aspx?id=NzE5OTM=,asset,keep,,no,no,raw/assets/ASSET-1026-23.aspx?id=NzE5OTM=,,PAGE-1026,,
ASSET-1026-24,https://rae.mju.ac.th/wtms_documentDownload.aspx?id=NzE5OTE=,asset,keep,,no,no,raw/assets/ASSET-1026-24.aspx?id=NzE5OTE=,,PAGE-1026,,
ASSET-1026-25,https://rae.mju.ac.th/placeholder.png,asset,keep,,no,no,raw/assets/ASSET-1026-25.png,,PAGE-1026,,
ASSET-1026-26,https://rae.mju.ac.th/goverment/20130325103535_2013_rae/Doc_25671008160853_758028.png,asset,keep,,no,no,raw/assets/ASSET-1026-26.png,,PAGE-1026,,
ASSET-1026-27,https://scdn.line-apps.com/n/line_add_friends/btn/th.png,asset,keep,,no,no,raw/assets/ASSET-1026-27.png,,PAGE-1026,,
ASSET-1026-28,https://rae.mju.ac.th/wtms_documentDownload.aspx?id=ODcwNzU=,asset,keep,,no,no,raw/assets/ASSET-1026-28.aspx?id=ODcwNzU=,,PAGE-1026,,
ASSET-1026-29,https://rae.mju.ac.th/wtms_system/images/logo-wtms.png,asset,keep,,no,no,raw/assets/ASSET-1026-29.png,,PAGE-1026,,
ASSET-1026-30,https://rae.mju.ac.th/goverment/20130325103535_2013_rae/Doc_25690310092241_879433.pdf,asset,keep,,no,no,raw/assets/ASSET-1026-30.pdf,,PAGE-1026,,
ASSET-1026-31,https://rae.mju.ac.th/goverment/20130325103535_2013_rae/Doc_25690310092314_430623.pdf,asset,keep,,no,no,raw/assets/ASSET-1026-31.pdf,,PAGE-1026,,
ASSET-1027-1,https://rae.mju.ac.th/goverment/20130325103535_2013_rae/Logo_25580508150123_636182.png,asset,keep,,no,no,raw/assets/ASSET-1027-1.png,,PAGE-1027,,
ASSET-1027-2,https://erp.mju.ac.th/images/ribbon-black_68.png,asset,keep,,no,no,raw/assets/ASSET-1027-2.png,,PAGE-1027,,
ASSET-1027-3,https://rae.mju.ac.th/goverment/20130325103535_2013_rae/banner_25690319095324_957639.png,asset,keep,,no,no,raw/assets/ASSET-1027-3.png,,PAGE-1027,,
ASSET-1027-4,https://rae.mju.ac.th/goverment/20130325103535_2013_rae/banner_25690311101352_474397.jpg,asset,keep,,no,no,raw/assets/ASSET-1027-4.jpg,,PAGE-1027,,
ASSET-1027-5,https://rae.mju.ac.th/goverment/20130325103535_2013_rae/banner_25690311104023_228890.jpg,asset,keep,,no,no,raw/assets/ASSET-1027-5.jpg,,PAGE-1027,,
ASSET-1027-6,https://rae.mju.ac.th/goverment/20130325103535_2013_rae/banner_25690306101947_370223.jpg,asset,keep,,no,no,raw/assets/ASSET-1027-6.jpg,,PAGE-1027,,
ASSET-1027-7,https://rae.mju.ac.th/goverment/20130325103535_2013_rae/banner_25690216102413_343759.jpg,asset,keep,,no,no,raw/assets/ASSET-1027-7.jpg,,PAGE-1027,,
ASSET-1027-8,https://rae.mju.ac.th/goverment/20130325103535_2013_rae/banner_25621111155137_788895.jpg,asset,keep,,no,no,raw/assets/ASSET-1027-8.jpg,,PAGE-1027,,
ASSET-1027-9,https://rae.mju.ac.th/images/bgB.jpg,asset,keep,,no,no,raw/assets/ASSET-1027-9.jpg,,PAGE-1027,,
ASSET-1027-10,https://rae.mju.ac.th/wtms_documentDownload.aspx?id=ODAxNzU=,asset,keep,,no,no,raw/assets/ASSET-1027-10.aspx?id=ODAxNzU=,,PAGE-1027,,
ASSET-1027-11,https://rae.mju.ac.th/wtms_documentDownload.aspx?id=ODAxNzk=,asset,keep,,no,no,raw/assets/ASSET-1027-11.aspx?id=ODAxNzk=,,PAGE-1027,,
ASSET-1027-12,https://rae.mju.ac.th/wtms_documentDownload.aspx?id=ODAxNzg=,asset,keep,,no,no,raw/assets/ASSET-1027-12.aspx?id=ODAxNzg=,,PAGE-1027,,
ASSET-1027-13,https://rae.mju.ac.th/wtms_documentDownload.aspx?id=NzE5ODY=,asset,keep,,no,no,raw/assets/ASSET-1027-13.aspx?id=NzE5ODY=,,PAGE-1027,,
ASSET-1027-14,https://rae.mju.ac.th/wtms_documentDownload.aspx?id=NzE5ODE=,asset,keep,,no,no,raw/assets/ASSET-1027-14.aspx?id=NzE5ODE=,,PAGE-1027,,
ASSET-1027-15,https://rae.mju.ac.th/wtms_documentDownload.aspx?id=NzE5ODQ=,asset,keep,,no,no,raw/assets/ASSET-1027-15.aspx?id=NzE5ODQ=,,PAGE-1027,,
ASSET-1027-16,https://rae.mju.ac.th/wtms_documentDownload.aspx?id=ODU2MzU=,asset,keep,,no,no,raw/assets/ASSET-1027-16.aspx?id=ODU2MzU=,,PAGE-1027,,
ASSET-1027-17,https://rae.mju.ac.th/wtms_documentDownload.aspx?id=ODAxNjg=,asset,keep,,no,no,raw/assets/ASSET-1027-17.aspx?id=ODAxNjg=,,PAGE-1027,,
ASSET-1027-18,https://rae.mju.ac.th/wtms_documentDownload.aspx?id=ODA3NTU=,asset,keep,,no,no,raw/assets/ASSET-1027-18.aspx?id=ODA3NTU=,,PAGE-1027,,
ASSET-1027-19,https://rae.mju.ac.th/wtms_documentDownload.aspx?id=NzYzOTQ=,asset,keep,,no,no,raw/assets/ASSET-1027-19.aspx?id=NzYzOTQ=,,PAGE-1027,,
ASSET-1027-20,https://rae.mju.ac.th/wtms_documentDownload.aspx?id=NzE5ODk=,asset,keep,,no,no,raw/assets/ASSET-1027-20.aspx?id=NzE5ODk=,,PAGE-1027,,
ASSET-1027-21,https://rae.mju.ac.th/wtms_documentDownload.aspx?id=NzE5OTI=,asset,keep,,no,no,raw/assets/ASSET-1027-21.aspx?id=NzE5OTI=,,PAGE-1027,,
ASSET-1027-22,https://rae.mju.ac.th/wtms_documentDownload.aspx?id=Nzc0MzI=,asset,keep,,no,no,raw/assets/ASSET-1027-22.aspx?id=Nzc0MzI=,,PAGE-1027,,
ASSET-1027-23,https://rae.mju.ac.th/wtms_documentDownload.aspx?id=NzE5OTM=,asset,keep,,no,no,raw/assets/ASSET-1027-23.aspx?id=NzE5OTM=,,PAGE-1027,,
ASSET-1027-24,https://rae.mju.ac.th/wtms_documentDownload.aspx?id=NzE5OTE=,asset,keep,,no,no,raw/assets/ASSET-1027-24.aspx?id=NzE5OTE=,,PAGE-1027,,
ASSET-1027-25,https://rae.mju.ac.th/placeholder.png,asset,keep,,no,no,raw/assets/ASSET-1027-25.png,,PAGE-1027,,
ASSET-1027-26,https://rae.mju.ac.th/goverment/20130325103535_2013_rae/Doc_25671008160853_758028.png,asset,keep,,no,no,raw/assets/ASSET-1027-26.png,,PAGE-1027,,
ASSET-1027-27,https://scdn.line-apps.com/n/line_add_friends/btn/th.png,asset,keep,,no,no,raw/assets/ASSET-1027-27.png,,PAGE-1027,,
ASSET-1027-28,https://rae.mju.ac.th/wtms_documentDownload.aspx?id=ODcwNzU=,asset,keep,,no,no,raw/assets/ASSET-1027-28.aspx?id=ODcwNzU=,,PAGE-1027,,
ASSET-1027-29,https://rae.mju.ac.th/wtms_system/images/logo-wtms.png,asset,keep,,no,no,raw/assets/ASSET-1027-29.png,,PAGE-1027,,
ASSET-1027-30,https://rae.mju.ac.th/goverment/20130325103535_2013_rae/Doc_25690310092241_879433.pdf,asset,keep,,no,no,raw/assets/ASSET-1027-30.pdf,,PAGE-1027,,
ASSET-1027-31,https://rae.mju.ac.th/goverment/20130325103535_2013_rae/Doc_25690310092314_430623.pdf,asset,keep,,no,no,raw/assets/ASSET-1027-31.pdf,,PAGE-1027,,
ASSET-1028-1,https://rae.mju.ac.th/goverment/20130325103535_2013_rae/Logo_25580508150123_636182.png,asset,keep,,no,no,raw/assets/ASSET-1028-1.png,,PAGE-1028,,
ASSET-1028-2,https://erp.mju.ac.th/images/ribbon-black_68.png,asset,keep,,no,no,raw/assets/ASSET-1028-2.png,,PAGE-1028,,
ASSET-1028-3,https://rae.mju.ac.th/goverment/20130325103535_2013_rae/banner_25690319095324_957639.png,asset,keep,,no,no,raw/assets/ASSET-1028-3.png,,PAGE-1028,,
ASSET-1028-4,https://rae.mju.ac.th/goverment/20130325103535_2013_rae/banner_25690311101352_474397.jpg,asset,keep,,no,no,raw/assets/ASSET-1028-4.jpg,,PAGE-1028,,
ASSET-1028-5,https://rae.mju.ac.th/goverment/20130325103535_2013_rae/banner_25690311104023_228890.jpg,asset,keep,,no,no,raw/assets/ASSET-1028-5.jpg,,PAGE-1028,,
ASSET-1028-6,https://rae.mju.ac.th/goverment/20130325103535_2013_rae/banner_25690306101947_370223.jpg,asset,keep,,no,no,raw/assets/ASSET-1028-6.jpg,,PAGE-1028,,
ASSET-1028-7,https://rae.mju.ac.th/goverment/20130325103535_2013_rae/banner_25690216102413_343759.jpg,asset,keep,,no,no,raw/assets/ASSET-1028-7.jpg,,PAGE-1028,,
ASSET-1028-8,https://rae.mju.ac.th/goverment/20130325103535_2013_rae/banner_25621111155137_788895.jpg,asset,keep,,no,no,raw/assets/ASSET-1028-8.jpg,,PAGE-1028,,
ASSET-1028-9,https://rae.mju.ac.th/images/bgB.jpg,asset,keep,,no,no,raw/assets/ASSET-1028-9.jpg,,PAGE-1028,,
ASSET-1028-10,https://rae.mju.ac.th/wtms_documentDownload.aspx?id=ODAxNzU=,asset,keep,,no,no,raw/assets/ASSET-1028-10.aspx?id=ODAxNzU=,,PAGE-1028,,
ASSET-1028-11,https://rae.mju.ac.th/wtms_documentDownload.aspx?id=ODAxNzk=,asset,keep,,no,no,raw/assets/ASSET-1028-11.aspx?id=ODAxNzk=,,PAGE-1028,,
ASSET-1028-12,https://rae.mju.ac.th/wtms_documentDownload.aspx?id=ODAxNzg=,asset,keep,,no,no,raw/assets/ASSET-1028-12.aspx?id=ODAxNzg=,,PAGE-1028,,
ASSET-1028-13,https://rae.mju.ac.th/wtms_documentDownload.aspx?id=NzE5ODY=,asset,keep,,no,no,raw/assets/ASSET-1028-13.aspx?id=NzE5ODY=,,PAGE-1028,,
ASSET-1028-14,https://rae.mju.ac.th/wtms_documentDownload.aspx?id=NzE5ODE=,asset,keep,,no,no,raw/assets/ASSET-1028-14.aspx?id=NzE5ODE=,,PAGE-1028,,
ASSET-1028-15,https://rae.mju.ac.th/wtms_documentDownload.aspx?id=NzE5ODQ=,asset,keep,,no,no,raw/assets/ASSET-1028-15.aspx?id=NzE5ODQ=,,PAGE-1028,,
ASSET-1028-16,https://rae.mju.ac.th/wtms_documentDownload.aspx?id=ODU2MzU=,asset,keep,,no,no,raw/assets/ASSET-1028-16.aspx?id=ODU2MzU=,,PAGE-1028,,
ASSET-1028-17,https://rae.mju.ac.th/wtms_documentDownload.aspx?id=ODAxNjg=,asset,keep,,no,no,raw/assets/ASSET-1028-17.aspx?id=ODAxNjg=,,PAGE-1028,,
ASSET-1028-18,https://rae.mju.ac.th/wtms_documentDownload.aspx?id=ODA3NTU=,asset,keep,,no,no,raw/assets/ASSET-1028-18.aspx?id=ODA3NTU=,,PAGE-1028,,
ASSET-1028-19,https://rae.mju.ac.th/wtms_documentDownload.aspx?id=NzYzOTQ=,asset,keep,,no,no,raw/assets/ASSET-1028-19.aspx?id=NzYzOTQ=,,PAGE-1028,,
ASSET-1028-20,https://rae.mju.ac.th/wtms_documentDownload.aspx?id=NzE5ODk=,asset,keep,,no,no,raw/assets/ASSET-1028-20.aspx?id=NzE5ODk=,,PAGE-1028,,
ASSET-1028-21,https://rae.mju.ac.th/wtms_documentDownload.aspx?id=NzE5OTI=,asset,keep,,no,no,raw/assets/ASSET-1028-21.aspx?id=NzE5OTI=,,PAGE-1028,,
ASSET-1028-22,https://rae.mju.ac.th/wtms_documentDownload.aspx?id=Nzc0MzI=,asset,keep,,no,no,raw/assets/ASSET-1028-22.aspx?id=Nzc0MzI=,,PAGE-1028,,
ASSET-1028-23,https://rae.mju.ac.th/wtms_documentDownload.aspx?id=NzE5OTM=,asset,keep,,no,no,raw/assets/ASSET-1028-23.aspx?id=NzE5OTM=,,PAGE-1028,,
ASSET-1028-24,https://rae.mju.ac.th/wtms_documentDownload.aspx?id=NzE5OTE=,asset,keep,,no,no,raw/assets/ASSET-1028-24.aspx?id=NzE5OTE=,,PAGE-1028,,
ASSET-1028-25,https://rae.mju.ac.th/placeholder.png,asset,keep,,no,no,raw/assets/ASSET-1028-25.png,,PAGE-1028,,
ASSET-1028-26,https://rae.mju.ac.th/goverment/20130325103535_2013_rae/Doc_25671008160853_758028.png,asset,keep,,no,no,raw/assets/ASSET-1028-26.png,,PAGE-1028,,
ASSET-1028-27,https://scdn.line-apps.com/n/line_add_friends/btn/th.png,asset,keep,,no,no,raw/assets/ASSET-1028-27.png,,PAGE-1028,,
ASSET-1028-28,https://rae.mju.ac.th/wtms_documentDownload.aspx?id=ODcwNzU=,asset,keep,,no,no,raw/assets/ASSET-1028-28.aspx?id=ODcwNzU=,,PAGE-1028,,
ASSET-1028-29,https://rae.mju.ac.th/wtms_system/images/logo-wtms.png,asset,keep,,no,no,raw/assets/ASSET-1028-29.png,,PAGE-1028,,
ASSET-1028-30,https://rae.mju.ac.th/goverment/20130325103535_2013_rae/Doc_25690310092241_879433.pdf,asset,keep,,no,no,raw/assets/ASSET-1028-30.pdf,,PAGE-1028,,
ASSET-1028-31,https://rae.mju.ac.th/goverment/20130325103535_2013_rae/Doc_25690310092314_430623.pdf,asset,keep,,no,no,raw/assets/ASSET-1028-31.pdf,,PAGE-1028,,
ASSET-1029-1,https://rae.mju.ac.th/goverment/20130325103535_2013_rae/Logo_25580508150123_636182.png,asset,keep,,no,no,raw/assets/ASSET-1029-1.png,,PAGE-1029,,
ASSET-1029-2,https://erp.mju.ac.th/images/ribbon-black_68.png,asset,keep,,no,no,raw/assets/ASSET-1029-2.png,,PAGE-1029,,
ASSET-1029-3,https://rae.mju.ac.th/goverment/20130325103535_2013_rae/banner_25690319095324_957639.png,asset,keep,,no,no,raw/assets/ASSET-1029-3.png,,PAGE-1029,,
ASSET-1029-4,https://rae.mju.ac.th/goverment/20130325103535_2013_rae/banner_25690311101352_474397.jpg,asset,keep,,no,no,raw/assets/ASSET-1029-4.jpg,,PAGE-1029,,
ASSET-1029-5,https://rae.mju.ac.th/goverment/20130325103535_2013_rae/banner_25690311104023_228890.jpg,asset,keep,,no,no,raw/assets/ASSET-1029-5.jpg,,PAGE-1029,,
ASSET-1029-6,https://rae.mju.ac.th/goverment/20130325103535_2013_rae/banner_25690306101947_370223.jpg,asset,keep,,no,no,raw/assets/ASSET-1029-6.jpg,,PAGE-1029,,
ASSET-1029-7,https://rae.mju.ac.th/goverment/20130325103535_2013_rae/banner_25690216102413_343759.jpg,asset,keep,,no,no,raw/assets/ASSET-1029-7.jpg,,PAGE-1029,,
ASSET-1029-8,https://rae.mju.ac.th/goverment/20130325103535_2013_rae/banner_25621111155137_788895.jpg,asset,keep,,no,no,raw/assets/ASSET-1029-8.jpg,,PAGE-1029,,
ASSET-1029-9,https://rae.mju.ac.th/images/bgB.jpg,asset,keep,,no,no,raw/assets/ASSET-1029-9.jpg,,PAGE-1029,,
ASSET-1029-10,https://rae.mju.ac.th/wtms_documentDownload.aspx?id=ODAxNzU=,asset,keep,,no,no,raw/assets/ASSET-1029-10.aspx?id=ODAxNzU=,,PAGE-1029,,
ASSET-1029-11,https://rae.mju.ac.th/wtms_documentDownload.aspx?id=ODAxNzk=,asset,keep,,no,no,raw/assets/ASSET-1029-11.aspx?id=ODAxNzk=,,PAGE-1029,,
ASSET-1029-12,https://rae.mju.ac.th/wtms_documentDownload.aspx?id=ODAxNzg=,asset,keep,,no,no,raw/assets/ASSET-1029-12.aspx?id=ODAxNzg=,,PAGE-1029,,
ASSET-1029-13,https://rae.mju.ac.th/wtms_documentDownload.aspx?id=NzE5ODY=,asset,keep,,no,no,raw/assets/ASSET-1029-13.aspx?id=NzE5ODY=,,PAGE-1029,,
ASSET-1029-14,https://rae.mju.ac.th/wtms_documentDownload.aspx?id=NzE5ODE=,asset,keep,,no,no,raw/assets/ASSET-1029-14.aspx?id=NzE5ODE=,,PAGE-1029,,
ASSET-1029-15,https://rae.mju.ac.th/wtms_documentDownload.aspx?id=NzE5ODQ=,asset,keep,,no,no,raw/assets/ASSET-1029-15.aspx?id=NzE5ODQ=,,PAGE-1029,,
ASSET-1029-16,https://rae.mju.ac.th/wtms_documentDownload.aspx?id=ODU2MzU=,asset,keep,,no,no,raw/assets/ASSET-1029-16.aspx?id=ODU2MzU=,,PAGE-1029,,
ASSET-1029-17,https://rae.mju.ac.th/wtms_documentDownload.aspx?id=ODAxNjg=,asset,keep,,no,no,raw/assets/ASSET-1029-17.aspx?id=ODAxNjg=,,PAGE-1029,,
ASSET-1029-18,https://rae.mju.ac.th/wtms_documentDownload.aspx?id=ODA3NTU=,asset,keep,,no,no,raw/assets/ASSET-1029-18.aspx?id=ODA3NTU=,,PAGE-1029,,
ASSET-1029-19,https://rae.mju.ac.th/wtms_documentDownload.aspx?id=NzYzOTQ=,asset,keep,,no,no,raw/assets/ASSET-1029-19.aspx?id=NzYzOTQ=,,PAGE-1029,,
ASSET-1029-20,https://rae.mju.ac.th/wtms_documentDownload.aspx?id=NzE5ODk=,asset,keep,,no,no,raw/assets/ASSET-1029-20.aspx?id=NzE5ODk=,,PAGE-1029,,
ASSET-1029-21,https://rae.mju.ac.th/wtms_documentDownload.aspx?id=NzE5OTI=,asset,keep,,no,no,raw/assets/ASSET-1029-21.aspx?id=NzE5OTI=,,PAGE-1029,,
ASSET-1029-22,https://rae.mju.ac.th/wtms_documentDownload.aspx?id=Nzc0MzI=,asset,keep,,no,no,raw/assets/ASSET-1029-22.aspx?id=Nzc0MzI=,,PAGE-1029,,
ASSET-1029-23,https://rae.mju.ac.th/wtms_documentDownload.aspx?id=NzE5OTM=,asset,keep,,no,no,raw/assets/ASSET-1029-23.aspx?id=NzE5OTM=,,PAGE-1029,,
ASSET-1029-24,https://rae.mju.ac.th/wtms_documentDownload.aspx?id=NzE5OTE=,asset,keep,,no,no,raw/assets/ASSET-1029-24.aspx?id=NzE5OTE=,,PAGE-1029,,
ASSET-1029-25,https://rae.mju.ac.th/placeholder.png,asset,keep,,no,no,raw/assets/ASSET-1029-25.png,,PAGE-1029,,
ASSET-1029-26,https://rae.mju.ac.th/goverment/20130325103535_2013_rae/Doc_25671008160853_758028.png,asset,keep,,no,no,raw/assets/ASSET-1029-26.png,,PAGE-1029,,
ASSET-1029-27,https://scdn.line-apps.com/n/line_add_friends/btn/th.png,asset,keep,,no,no,raw/assets/ASSET-1029-27.png,,PAGE-1029,,
ASSET-1029-28,https://rae.mju.ac.th/wtms_documentDownload.aspx?id=ODcwNzU=,asset,keep,,no,no,raw/assets/ASSET-1029-28.aspx?id=ODcwNzU=,,PAGE-1029,,
ASSET-1029-29,https://rae.mju.ac.th/wtms_system/images/logo-wtms.png,asset,keep,,no,no,raw/assets/ASSET-1029-29.png,,PAGE-1029,,
ASSET-1029-30,https://rae.mju.ac.th/goverment/20130325103535_2013_rae/Doc_25690310092241_879433.pdf,asset,keep,,no,no,raw/assets/ASSET-1029-30.pdf,,PAGE-1029,,
ASSET-1029-31,https://rae.mju.ac.th/goverment/20130325103535_2013_rae/Doc_25690310092314_430623.pdf,asset,keep,,no,no,raw/assets/ASSET-1029-31.pdf,,PAGE-1029,,
ASSET-1030-1,https://rae.mju.ac.th/goverment/20130325103535_2013_rae/Logo_25580508150123_636182.png,asset,keep,,no,no,raw/assets/ASSET-1030-1.png,,PAGE-1030,,
ASSET-1030-2,https://erp.mju.ac.th/images/ribbon-black_68.png,asset,keep,,no,no,raw/assets/ASSET-1030-2.png,,PAGE-1030,,
ASSET-1030-3,https://rae.mju.ac.th/goverment/20130325103535_2013_rae/banner_25690319095324_957639.png,asset,keep,,no,no,raw/assets/ASSET-1030-3.png,,PAGE-1030,,
ASSET-1030-4,https://rae.mju.ac.th/goverment/20130325103535_2013_rae/banner_25690311101352_474397.jpg,asset,keep,,no,no,raw/assets/ASSET-1030-4.jpg,,PAGE-1030,,
ASSET-1030-5,https://rae.mju.ac.th/goverment/20130325103535_2013_rae/banner_25690311104023_228890.jpg,asset,keep,,no,no,raw/assets/ASSET-1030-5.jpg,,PAGE-1030,,
ASSET-1030-6,https://rae.mju.ac.th/goverment/20130325103535_2013_rae/banner_25690306101947_370223.jpg,asset,keep,,no,no,raw/assets/ASSET-1030-6.jpg,,PAGE-1030,,
ASSET-1030-7,https://rae.mju.ac.th/goverment/20130325103535_2013_rae/banner_25690216102413_343759.jpg,asset,keep,,no,no,raw/assets/ASSET-1030-7.jpg,,PAGE-1030,,
ASSET-1030-8,https://rae.mju.ac.th/goverment/20130325103535_2013_rae/banner_25621111155137_788895.jpg,asset,keep,,no,no,raw/assets/ASSET-1030-8.jpg,,PAGE-1030,,
ASSET-1030-9,https://rae.mju.ac.th/images/bgB.jpg,asset,keep,,no,no,raw/assets/ASSET-1030-9.jpg,,PAGE-1030,,
ASSET-1030-10,https://rae.mju.ac.th/wtms_documentDownload.aspx?id=ODAxNzU=,asset,keep,,no,no,raw/assets/ASSET-1030-10.aspx?id=ODAxNzU=,,PAGE-1030,,
ASSET-1030-11,https://rae.mju.ac.th/wtms_documentDownload.aspx?id=ODAxNzk=,asset,keep,,no,no,raw/assets/ASSET-1030-11.aspx?id=ODAxNzk=,,PAGE-1030,,
ASSET-1030-12,https://rae.mju.ac.th/wtms_documentDownload.aspx?id=ODAxNzg=,asset,keep,,no,no,raw/assets/ASSET-1030-12.aspx?id=ODAxNzg=,,PAGE-1030,,
ASSET-1030-13,https://rae.mju.ac.th/wtms_documentDownload.aspx?id=NzE5ODY=,asset,keep,,no,no,raw/assets/ASSET-1030-13.aspx?id=NzE5ODY=,,PAGE-1030,,
ASSET-1030-14,https://rae.mju.ac.th/wtms_documentDownload.aspx?id=NzE5ODE=,asset,keep,,no,no,raw/assets/ASSET-1030-14.aspx?id=NzE5ODE=,,PAGE-1030,,
ASSET-1030-15,https://rae.mju.ac.th/wtms_documentDownload.aspx?id=NzE5ODQ=,asset,keep,,no,no,raw/assets/ASSET-1030-15.aspx?id=NzE5ODQ=,,PAGE-1030,,
ASSET-1030-16,https://rae.mju.ac.th/wtms_documentDownload.aspx?id=ODU2MzU=,asset,keep,,no,no,raw/assets/ASSET-1030-16.aspx?id=ODU2MzU=,,PAGE-1030,,
ASSET-1030-17,https://rae.mju.ac.th/wtms_documentDownload.aspx?id=ODAxNjg=,asset,keep,,no,no,raw/assets/ASSET-1030-17.aspx?id=ODAxNjg=,,PAGE-1030,,
ASSET-1030-18,https://rae.mju.ac.th/wtms_documentDownload.aspx?id=ODA3NTU=,asset,keep,,no,no,raw/assets/ASSET-1030-18.aspx?id=ODA3NTU=,,PAGE-1030,,
ASSET-1030-19,https://rae.mju.ac.th/wtms_documentDownload.aspx?id=NzYzOTQ=,asset,keep,,no,no,raw/assets/ASSET-1030-19.aspx?id=NzYzOTQ=,,PAGE-1030,,
ASSET-1030-20,https://rae.mju.ac.th/wtms_documentDownload.aspx?id=NzE5ODk=,asset,keep,,no,no,raw/assets/ASSET-1030-20.aspx?id=NzE5ODk=,,PAGE-1030,,
ASSET-1030-21,https://rae.mju.ac.th/wtms_documentDownload.aspx?id=NzE5OTI=,asset,keep,,no,no,raw/assets/ASSET-1030-21.aspx?id=NzE5OTI=,,PAGE-1030,,
ASSET-1030-22,https://rae.mju.ac.th/wtms_documentDownload.aspx?id=Nzc0MzI=,asset,keep,,no,no,raw/assets/ASSET-1030-22.aspx?id=Nzc0MzI=,,PAGE-1030,,
ASSET-1030-23,https://rae.mju.ac.th/wtms_documentDownload.aspx?id=NzE5OTM=,asset,keep,,no,no,raw/assets/ASSET-1030-23.aspx?id=NzE5OTM=,,PAGE-1030,,
ASSET-1030-24,https://rae.mju.ac.th/wtms_documentDownload.aspx?id=NzE5OTE=,asset,keep,,no,no,raw/assets/ASSET-1030-24.aspx?id=NzE5OTE=,,PAGE-1030,,
ASSET-1030-25,https://rae.mju.ac.th/placeholder.png,asset,keep,,no,no,raw/assets/ASSET-1030-25.png,,PAGE-1030,,
ASSET-1030-26,https://rae.mju.ac.th/goverment/20130325103535_2013_rae/Doc_25671008160853_758028.png,asset,keep,,no,no,raw/assets/ASSET-1030-26.png,,PAGE-1030,,
ASSET-1030-27,https://scdn.line-apps.com/n/line_add_friends/btn/th.png,asset,keep,,no,no,raw/assets/ASSET-1030-27.png,,PAGE-1030,,
ASSET-1030-28,https://rae.mju.ac.th/wtms_documentDownload.aspx?id=ODcwNzU=,asset,keep,,no,no,raw/assets/ASSET-1030-28.aspx?id=ODcwNzU=,,PAGE-1030,,
ASSET-1030-29,https://rae.mju.ac.th/wtms_system/images/logo-wtms.png,asset,keep,,no,no,raw/assets/ASSET-1030-29.png,,PAGE-1030,,
ASSET-1030-30,https://rae.mju.ac.th/goverment/20130325103535_2013_rae/Doc_25690310092241_879433.pdf,asset,keep,,no,no,raw/assets/ASSET-1030-30.pdf,,PAGE-1030,,
ASSET-1030-31,https://rae.mju.ac.th/goverment/20130325103535_2013_rae/Doc_25690310092314_430623.pdf,asset,keep,,no,no,raw/assets/ASSET-1030-31.pdf,,PAGE-1030,,
